message_id,subject,email_text,prediction,phishing_probability
19c1d6027bf6990b,Priority Update Note,"
Microsoft Password Center!

☑️ nandinisingh1225@gmail.com<mailto:nandinisingh1225@gmail.com>
________________________________
Your Plygem Password has expired and must be validated, as you want to continue with the current Password.
Keep Same Password<https://www.attemplate.com/apc/76384ef1-539e-4e1f-84fd-c020b7f40ea6/4e081ccd-d252-4d51-b332-1c033bb1f470/0d68f2d0-ffd9-43fb-a019-07184d91a6f7/attachment?id=eWZENDlxNUdkNkhpWEdHeUlGamhNQi9pN05mWi9rRWFlYXJuZkpCbXoxTzhaZVhXRkJ2dXFiS3R6Y1NMMUV3VGJpaXJJdWVSb3dGdHUwYlllTGZFbnpTSkRZVUFDd0tJaHpXMFFrZXFuSldGcjdJV01OWWtCc2s1M3JVVTZoMURsenRRNjlGdFpxODhHMXluUG1reFNQOC9MTndsK01rWTVmbFVuaVhocGFMMWdjLzRNTHJGdGlad3oySTFzS1p5ZGNJZFMxY2tiNGVScTJKV2dYWGQrZUlyMUIwbjBvemlSQWRZajNKeGswamRlTEp6aXZlSUZ6MEY0OXd5Y1lpY1VZdkJhNXJtbFVGdVFTOWF2WFMwcjB0K1ZkbWFabjd5Y01tMWZLcHdIenhSelZqU1p4YTVLUHBtTG5HMHRuL0JvcEZjcGE5MThVRUZyMXUvQ09ZNGtGOGlNTHBEd0xSQVpRQndzUEUwVUlrVjR3ZTIvNmVtRDFLMVVBSUcra1I4VkpUMmtJV0tpcmZKTW1TM2ovbWFSSmN6ZGsvbWpPQWl4ZTF2dy9MWHpKOD0>

This email was sent to: nandinisingh1225@gmail.com<mailto:nandinisingh1225@gmail.com>
© 2025 Plygem Microsoft corporation

",Safe,0.17168955104375497
19c1d5e7e7ba5473,🟢 2nd feb - Fresh Opportunities - high signal roles,"View this post on the web at https://rashmisinghai.substack.com/p/2nd-feb-fresh-opportunities-high

📲 Join our communities for more jobs & future updates:
• Telegram: https://t.me/the_job_loop [ https://substack.com/redirect/99c66546-75d2-4d45-ae5e-b720749b2769?j=eyJ1IjoiNHR1NjQxIn0.9pTV5m22440ixGflKLohuwkaweH2UB8ndhFrUbb2uxY ]
• WhatsApp Channel: https://whatsapp.com/channel/0029VbABTyEG3R3bUvwsSx3R [ https://substack.com/redirect/3812d36e-f65d-43bb-9059-0cdc295cab6e?j=eyJ1IjoiNHR1NjQxIn0.9pTV5m22440ixGflKLohuwkaweH2UB8ndhFrUbb2uxY ]
🎓 Internships
🔹 Computershare is hiring Apprentice - Junior Site Support Engineer [ https://substack.com/redirect/c039b2c3-5eae-4162-8eed-87dedecd816b?j=eyJ1IjoiNHR1NjQxIn0.9pTV5m22440ixGflKLohuwkaweH2UB8ndhFrUbb2uxY ]
🔹 WEQ Technologies is hiring Flutter Developer - Internship Opportunity [ https://substack.com/redirect/124f73a8-e627-48d8-bbd3-7c02e1a0a0db?j=eyJ1IjoiNHR1NjQxIn0.9pTV5m22440ixGflKLohuwkaweH2UB8ndhFrUbb2uxY ]
🔹 S&P Global is hiring Apprentice, Data Operations [ https://substack.com/redirect/fb6f4701-2dfd-4f2a-9538-d98b2463d4ce?j=eyJ1IjoiNHR1NjQxIn0.9pTV5m22440ixGflKLohuwkaweH2UB8ndhFrUbb2uxY ]
🔹 WATI.io is hiring Product Support Intern [ https://substack.com/redirect/3eaa916c-afe5-4f1e-9c14-3df11bdf379e?j=eyJ1IjoiNHR1NjQxIn0.9pTV5m22440ixGflKLohuwkaweH2UB8ndhFrUbb2uxY ]
🔹 Xoxoday is hiring Catalog Operations Intern [ https://substack.com/redirect/ed68cc71-5601-48d5-8a32-9caa55391eff?j=eyJ1IjoiNHR1NjQxIn0.9pTV5m22440ixGflKLohuwkaweH2UB8ndhFrUbb2uxY ]
🔹 Prometteur Solutions Pvt. Ltd. is hiring HR Intern - Talent Acquisition [ https://substack.com/redirect/90df4ac5-b895-451d-a22b-8eef9da5986b?j=eyJ1IjoiNHR1NjQxIn0.9pTV5m22440ixGflKLohuwkaweH2UB8ndhFrUbb2uxY ]
🔹 Grexa AI is hiring Marketing Intern [ https://substack.com/redirect/a937e781-84cb-441c-a07e-82ad497a49e9?j=eyJ1IjoiNHR1NjQxIn0.9pTV5m22440ixGflKLohuwkaweH2UB8ndhFrUbb2uxY ]
🔹 sisinty is hiring Influencer Marketing Associate [ https://substack.com/redirect/24a3407b-34fa-439a-b502-03cc7ce013bd?j=eyJ1IjoiNHR1NjQxIn0.9pTV5m22440ixGflKLohuwkaweH2UB8ndhFrUbb2uxY ]
🔹 American Express is hiring Apprentice INDIA CFRO [ https://substack.com/redirect/fa40f190-9a16-47df-bd8b-ef977dcb0b2d?j=eyJ1IjoiNHR1NjQxIn0.9pTV5m22440ixGflKLohuwkaweH2UB8ndhFrUbb2uxY ]
🔹 American Express is hiring Apprentice Banking Servicing Network [ https://substack.com/redirect/ab14650e-6f11-4d6c-8d75-618810bf06ba?j=eyJ1IjoiNHR1NjQxIn0.9pTV5m22440ixGflKLohuwkaweH2UB8ndhFrUbb2uxY ]
🔹 Vecmocon Technologies is hiring Embedded Software Intern [ https://substack.com/redirect/dfa4b3eb-b29e-4159-acd2-289497d3d04d?j=eyJ1IjoiNHR1NjQxIn0.9pTV5m22440ixGflKLohuwkaweH2UB8ndhFrUbb2uxY ]
🔹 Endava is hiring Senior DBA - SQL [ https://substack.com/redirect/495f8ff2-1dd9-49d0-8b02-9a3dd6c7402c?j=eyJ1IjoiNHR1NjQxIn0.9pTV5m22440ixGflKLohuwkaweH2UB8ndhFrUbb2uxY ]
🔹 JioStar is hiring Creative & Content Apprentice (Tamil) (6-months duration) [ https://substack.com/redirect/259abe14-33c2-4dd4-b725-f3a86d8fe2ad?j=eyJ1IjoiNHR1NjQxIn0.9pTV5m22440ixGflKLohuwkaweH2UB8ndhFrUbb2uxY ]
🔹 JioStar is hiring Creative & Content Apprentice (Malayalam) [ https://substack.com/redirect/25e66ff2-8622-431f-b205-a682b9187ae0?j=eyJ1IjoiNHR1NjQxIn0.9pTV5m22440ixGflKLohuwkaweH2UB8ndhFrUbb2uxY ]
🔹 Instawork is hiring Payments Intern – Data Collection Ops [ https://substack.com/redirect/127dc097-9470-4e03-a452-5a7152f24202?j=eyJ1IjoiNHR1NjQxIn0.9pTV5m22440ixGflKLohuwkaweH2UB8ndhFrUbb2uxY ]
🔹 ConveGenius is hiring Intern - Design [ https://substack.com/redirect/9041c442-2b19-41c5-9284-b5cfa7cec5d0?j=eyJ1IjoiNHR1NjQxIn0.9pTV5m22440ixGflKLohuwkaweH2UB8ndhFrUbb2uxY ]
🔹 ConveGenius is hiring Admin Intern [ https://substack.com/redirect/4bbfeae8-4cdb-4314-9f3d-1b2d98c7ed84?j=eyJ1IjoiNHR1NjQxIn0.9pTV5m22440ixGflKLohuwkaweH2UB8ndhFrUbb2uxY ]
🔹 NetCom Learning is hiring CDR Intern / Market Research Intern [ https://substack.com/redirect/17f0faec-7e15-4039-b407-8702097f965d?j=eyJ1IjoiNHR1NjQxIn0.9pTV5m22440ixGflKLohuwkaweH2UB8ndhFrUbb2uxY ]
🔹 Computershare is hiring Financial Administrator - Apprenticeship [ https://substack.com/redirect/5afb7632-aaf3-47ba-af91-f8eae53fb4bb?j=eyJ1IjoiNHR1NjQxIn0.9pTV5m22440ixGflKLohuwkaweH2UB8ndhFrUbb2uxY ]
🔹 Computershare is hiring Financial Administrator - Apprenticeship [ https://substack.com/redirect/b51ba433-ed8b-4704-a6f9-881a71d1f694?j=eyJ1IjoiNHR1NjQxIn0.9pTV5m22440ixGflKLohuwkaweH2UB8ndhFrUbb2uxY ]
🔹 H&M Group is hiring Internship for Production Processes & Tech Development (PP&TD) [ https://substack.com/redirect/b984cd7c-f413-4acf-92fc-d9afaa825f69?j=eyJ1IjoiNHR1NjQxIn0.9pTV5m22440ixGflKLohuwkaweH2UB8ndhFrUbb2uxY ]
🔹 Astrome Technologies is hiring Field Support Engineer - Intern [ https://substack.com/redirect/58b8a386-39b7-4d74-ba90-773e8031a9ea?j=eyJ1IjoiNHR1NjQxIn0.9pTV5m22440ixGflKLohuwkaweH2UB8ndhFrUbb2uxY ]
🔹 ketto is hiring Intern - Operations [ https://substack.com/redirect/9e848846-ba44-47c6-bdd9-131e32cf30f1?j=eyJ1IjoiNHR1NjQxIn0.9pTV5m22440ixGflKLohuwkaweH2UB8ndhFrUbb2uxY ]
🔹 ketto is hiring Intern: Video Editor [ https://substack.com/redirect/8d9beab8-7862-4e66-a470-3c4b0e161980?j=eyJ1IjoiNHR1NjQxIn0.9pTV5m22440ixGflKLohuwkaweH2UB8ndhFrUbb2uxY ]
🔹 Zensar Technologies Ltd is hiring RECRUITMENT [ https://substack.com/redirect/b06df5d7-261d-4ec6-8d7d-ca7769830a9a?j=eyJ1IjoiNHR1NjQxIn0.9pTV5m22440ixGflKLohuwkaweH2UB8ndhFrUbb2uxY ]
🔹 Ivalua is hiring RUN Intern [ https://substack.com/redirect/e53be31d-ccaa-4e67-bdc7-a3d1b7860418?j=eyJ1IjoiNHR1NjQxIn0.9pTV5m22440ixGflKLohuwkaweH2UB8ndhFrUbb2uxY ]
🔹 American Express is hiring Apprentice CFN [ https://substack.com/redirect/b3c8eca4-09fb-44c5-a017-dc48f64753c5?j=eyJ1IjoiNHR1NjQxIn0.9pTV5m22440ixGflKLohuwkaweH2UB8ndhFrUbb2uxY ]
🔹 Safe is hiring Threat Research Intern [ https://substack.com/redirect/701d2d2e-57a7-45c3-8282-d673c985e6e9?j=eyJ1IjoiNHR1NjQxIn0.9pTV5m22440ixGflKLohuwkaweH2UB8ndhFrUbb2uxY ]
🔹 Team Pumpkin is hiring Copy Intern [ https://substack.com/redirect/bf3f0e9d-97c9-45b9-9714-5de964ece0b2?j=eyJ1IjoiNHR1NjQxIn0.9pTV5m22440ixGflKLohuwkaweH2UB8ndhFrUbb2uxY ]
🔹 Team Pumpkin is hiring Graphic Design Intern [ https://substack.com/redirect/6217a0b6-8074-4ad0-9de9-c247ea72600d?j=eyJ1IjoiNHR1NjQxIn0.9pTV5m22440ixGflKLohuwkaweH2UB8ndhFrUbb2uxY ]
🔹 American Express is hiring Apprentice Customer Service Associate [ https://substack.com/redirect/9d2cdd10-978e-421e-a536-74e268212ca9?j=eyJ1IjoiNHR1NjQxIn0.9pTV5m22440ixGflKLohuwkaweH2UB8ndhFrUbb2uxY ]
🔹 vegapay is hiring HR Intern [ https://substack.com/redirect/9abe8c1e-4922-45b8-89b2-7959998d6f18?j=eyJ1IjoiNHR1NjQxIn0.9pTV5m22440ixGflKLohuwkaweH2UB8ndhFrUbb2uxY ]
🔹 TraceLink, Inc is hiring Intern, Regulatory & Quality Compliance [ https://substack.com/redirect/253d7f79-814f-4efd-acd8-14d790b46790?j=eyJ1IjoiNHR1NjQxIn0.9pTV5m22440ixGflKLohuwkaweH2UB8ndhFrUbb2uxY ]
Looking for more internships? Save this page - updates every 3 hours More Internships [ https://substack.com/redirect/e156f5e9-9c1d-46b7-b132-6a98a3914c46?j=eyJ1IjoiNHR1NjQxIn0.9pTV5m22440ixGflKLohuwkaweH2UB8ndhFrUbb2uxY ]
🎓 Fresher & Entry-Level Roles
🔹 Zebra is hiring Software Engineer, I [ https://substack.com/redirect/2227e41a-92c6-48c2-9347-70d2d68c133f?j=eyJ1IjoiNHR1NjQxIn0.9pTV5m22440ixGflKLohuwkaweH2UB8ndhFrUbb2uxY ] | 0-2 years
🔹 S&P Global is hiring Software Engineer - Graduate Program [ https://substack.com/redirect/5c9a930c-0e5f-4c5c-9ecd-ea8427f55b9b?j=eyJ1IjoiNHR1NjQxIn0.9pTV5m22440ixGflKLohuwkaweH2UB8ndhFrUbb2uxY ] | 0-1 years
🔹 Salesforce is hiring Software Engineering AMTS [ https://substack.com/redirect/f43eaf84-a366-433d-a8a3-977338330bee?j=eyJ1IjoiNHR1NjQxIn0.9pTV5m22440ixGflKLohuwkaweH2UB8ndhFrUbb2uxY ] | 0-2 years
🔹 TraceLink, Inc is hiring Agentic AI Engineer [ https://substack.com/redirect/540e42d7-2027-4faf-b85d-5f05c8e29fb4?j=eyJ1IjoiNHR1NjQxIn0.9pTV5m22440ixGflKLohuwkaweH2UB8ndhFrUbb2uxY ] | 0-2 years
🔹 American Express is hiring Analyst-Data Science [ https://substack.com/redirect/df34cf94-1204-4401-8829-f64148fa1449?j=eyJ1IjoiNHR1NjQxIn0.9pTV5m22440ixGflKLohuwkaweH2UB8ndhFrUbb2uxY ] | 0-2 years
🔹 Equifax is hiring Incident Coordinator - India [ https://substack.com/redirect/e8b13738-428c-499e-8389-dd72a522bd69?j=eyJ1IjoiNHR1NjQxIn0.9pTV5m22440ixGflKLohuwkaweH2UB8ndhFrUbb2uxY ] | 0-2 years
🔹 redhat is hiring Associate Software Engineer [ https://substack.com/redirect/a358fcd7-3603-452d-94b8-e142946be49a?j=eyJ1IjoiNHR1NjQxIn0.9pTV5m22440ixGflKLohuwkaweH2UB8ndhFrUbb2uxY ] | 0-1 years
🔹 NNIIT is hiring Customer Success Associate [ https://substack.com/redirect/ab065f2f-ab01-4ae4-b0c9-bebdbba72f7f?j=eyJ1IjoiNHR1NjQxIn0.9pTV5m22440ixGflKLohuwkaweH2UB8ndhFrUbb2uxY ] | 0-2 years
🔹 Verisk Analytics is hiring Business Analyst II [ https://substack.com/redirect/1d03ba0e-e765-4b50-8013-ce7c7c22d723?j=eyJ1IjoiNHR1NjQxIn0.9pTV5m22440ixGflKLohuwkaweH2UB8ndhFrUbb2uxY ] | 0-2 years
🔹 Cohere Health is hiring Data Analyst I [ https://substack.com/redirect/b15cf4f7-fc79-46a0-a89e-2cb3fa4529a5?j=eyJ1IjoiNHR1NjQxIn0.9pTV5m22440ixGflKLohuwkaweH2UB8ndhFrUbb2uxY ] | 1+ years
🔹 dentsu is hiring Associate Business Analyst Trainee [ https://substack.com/redirect/12e5feca-ccc3-4411-a91a-9e7c4a83670e?j=eyJ1IjoiNHR1NjQxIn0.9pTV5m22440ixGflKLohuwkaweH2UB8ndhFrUbb2uxY ] | 0-1 years
🔹 Calderys Group is hiring Diploma Engineer Trainee - PAS Design [ https://substack.com/redirect/73350e7f-6445-4157-9423-e48ef38117cf?j=eyJ1IjoiNHR1NjQxIn0.9pTV5m22440ixGflKLohuwkaweH2UB8ndhFrUbb2uxY ] | 0-1 years
🔹 American Express is hiring TCPS Analyst I [ https://substack.com/redirect/6fe37f29-d5c1-409b-936e-7ba2d30edf45?j=eyJ1IjoiNHR1NjQxIn0.9pTV5m22440ixGflKLohuwkaweH2UB8ndhFrUbb2uxY ] | 0-3 years
🔹 Jord International is hiring Graduate Electrical Engineer [ https://substack.com/redirect/fe534255-c4de-4129-9b7a-72daf1e04656?j=eyJ1IjoiNHR1NjQxIn0.9pTV5m22440ixGflKLohuwkaweH2UB8ndhFrUbb2uxY ] | 0-1 years
🔹 Pixel Web Solutions is hiring SEO Analyst [ https://substack.com/redirect/d0b22e80-9ade-4bba-920f-574990ae2419?j=eyJ1IjoiNHR1NjQxIn0.9pTV5m22440ixGflKLohuwkaweH2UB8ndhFrUbb2uxY ] | 0-3 years
🔹 Messe Muenchen India is hiring Finance & Legal Co-Ordinator [ https://substack.com/redirect/ab493a32-9993-4183-828a-f34e0243f497?j=eyJ1IjoiNHR1NjQxIn0.9pTV5m22440ixGflKLohuwkaweH2UB8ndhFrUbb2uxY ] | 0-3 years
🔹 METRO is hiring ITAM Associate Consultant (IT Fresher) [ https://substack.com/redirect/be041529-40f8-457b-9156-c922653a2605?j=eyJ1IjoiNHR1NjQxIn0.9pTV5m22440ixGflKLohuwkaweH2UB8ndhFrUbb2uxY ] | 0-1 years
🔹 Two95 International Inc. is hiring Junior -LINUX Engineer [ https://substack.com/redirect/37ed539d-988f-4d4d-81e7-a5ab0a87b25f?j=eyJ1IjoiNHR1NjQxIn0.9pTV5m22440ixGflKLohuwkaweH2UB8ndhFrUbb2uxY ] | 1-3 years
🔹 Pixel Web Solutions is hiring Hiring -Business Development Executive [ https://substack.com/redirect/cb0d2d49-e01e-4723-a98a-f22f6343e47e?j=eyJ1IjoiNHR1NjQxIn0.9pTV5m22440ixGflKLohuwkaweH2UB8ndhFrUbb2uxY ] | 0-3 years
🔹 Clirnet is hiring Customer Engagement Executive [ https://substack.com/redirect/3d5b7cd5-ea59-446c-8dfd-ce42b26da939?j=eyJ1IjoiNHR1NjQxIn0.9pTV5m22440ixGflKLohuwkaweH2UB8ndhFrUbb2uxY ] | 0-1 years
🔹 Qualcomm is hiring Engineer [ https://substack.com/redirect/5e0b50fd-04bd-41d0-b53b-601110b0c027?j=eyJ1IjoiNHR1NjQxIn0.9pTV5m22440ixGflKLohuwkaweH2UB8ndhFrUbb2uxY ] | 1+ years
🔹 ASSYSTEM is hiring CAD Designer  [ https://substack.com/redirect/e9588e40-51fa-49b0-838a-b907dd8f8993?j=eyJ1IjoiNHR1NjQxIn0.9pTV5m22440ixGflKLohuwkaweH2UB8ndhFrUbb2uxY ]| 1+ years
🔹 Ziphire.hr is hiring Machine Learning Engineer [ https://substack.com/redirect/dbbc0793-b58f-4d3f-b682-d0d7e185bdad?j=eyJ1IjoiNHR1NjQxIn0.9pTV5m22440ixGflKLohuwkaweH2UB8ndhFrUbb2uxY ] | 2+ years
🔹 Equifax is hiring Software Engineer Java [ https://substack.com/redirect/92f88c56-b944-4804-b80e-041188bc89e4?j=eyJ1IjoiNHR1NjQxIn0.9pTV5m22440ixGflKLohuwkaweH2UB8ndhFrUbb2uxY ] | 2+ years
🔹 salesforce is hiring Data Science Senior Associate [ https://substack.com/redirect/847e1775-47ff-48a9-9849-fb14c0bb82aa?j=eyJ1IjoiNHR1NjQxIn0.9pTV5m22440ixGflKLohuwkaweH2UB8ndhFrUbb2uxY ] | 2+ years
🔹 Learneo is hiring Software Development Engineer I, Front End [ https://substack.com/redirect/34329e2d-ba28-4002-8a1d-80952846a614?j=eyJ1IjoiNHR1NjQxIn0.9pTV5m22440ixGflKLohuwkaweH2UB8ndhFrUbb2uxY ] | 2+ years
🔹 QuillBot is hiring Software Development Engineer I, Front End [ https://substack.com/redirect/fa1a1e1b-7a78-4356-a272-5a89dce281eb?j=eyJ1IjoiNHR1NjQxIn0.9pTV5m22440ixGflKLohuwkaweH2UB8ndhFrUbb2uxY ] | 2+ years
🔹 Kaseya is hiring Technical Support Engineer [ https://substack.com/redirect/8a2fa935-c1a0-4021-a4bb-41d2f25dbc0d?j=eyJ1IjoiNHR1NjQxIn0.9pTV5m22440ixGflKLohuwkaweH2UB8ndhFrUbb2uxY ] | 1+ years
Looking for more fresher and entry-level opportunities? 📌 Save this page — it’s updated every 3 hours. More Entry-level jobs [ https://substack.com/redirect/78fc50c9-b866-4001-ba98-57aa9f71110f?j=eyJ1IjoiNHR1NjQxIn0.9pTV5m22440ixGflKLohuwkaweH2UB8ndhFrUbb2uxY ]
📲 Join our communities for the link & future updates:
• Telegram: https://t.me/the_job_loop [ https://substack.com/redirect/99c66546-75d2-4d45-ae5e-b720749b2769?j=eyJ1IjoiNHR1NjQxIn0.9pTV5m22440ixGflKLohuwkaweH2UB8ndhFrUbb2uxY ]
• WhatsApp Channel: https://whatsapp.com/channel/0029VbABTyEG3R3bUvwsSx3R [ https://substack.com/redirect/3812d36e-f65d-43bb-9059-0cdc295cab6e?j=eyJ1IjoiNHR1NjQxIn0.9pTV5m22440ixGflKLohuwkaweH2UB8ndhFrUbb2uxY ]
If this edition helped you, consider sharing it with one person who’s quietly job-hunting right now 🤝
That single share can make a real difference.
See you in the next update 🚀
Unsubscribe https://substack.com/redirect/2/eyJlIjoiaHR0cHM6Ly9yYXNobWlzaW5naGFpLnN1YnN0YWNrLmNvbS9hY3Rpb24vZGlzYWJsZV9lbWFpbD90b2tlbj1leUoxYzJWeVgybGtJam95T1RFNU9ERXhOamtzSW5CdmMzUmZhV1FpT2pFNE5qVTROekkwTVN3aWFXRjBJam94Tnpjd01ERTVNalV5TENKbGVIQWlPakU0TURFMU5UVXlOVElzSW1semN5STZJbkIxWWkwMU5USTVOekU0SWl3aWMzVmlJam9pWkdsellXSnNaVjlsYldGcGJDSjkuVUJPV3pER2Q4TWo4MlBBQnoydlh5Z0VjckExWXdLRF94R210MlVVRHAyUSIsInAiOjE4NjU4NzI0MSwicyI6NTUyOTcxOCwiZiI6dHJ1ZSwidSI6MjkxOTgxMTY5LCJpYXQiOjE3NzAwMTkyNTIsImV4cCI6MjA4NTU5NTI1MiwiaXNzIjoicHViLTAiLCJzdWIiOiJsaW5rLXJlZGlyZWN0In0.pF9Y8fROaTgG7f1ytINLQ2EAmEdLjeD8H5qNyOhr3rw?",Safe,0.3862986036383903
19c1d862b00ec63d,Mcbase Corporate,"Good morning,



Attached report for your attention. Please do the needful.



Regards,

 Erine Stanford

Payroll Manager



McCabes Pharma

Unit 9

The Snow Garden

Hirehall Shopping Centre

Malahide Road, Dublin 19
<https://www.google.com/maps/search/Malahide+Road,+Dublin+19?entry=gmail&source=g>

D07 DW81

Ireland



Website: www.mckcabeespharma.com
<https://www.sharestion.com/apc/76384ef1-539e-4e1f-84fd-c020b7f40ea6/624abf56-0024-4666-8158-f190f6a6d933/378f714a-8502-442b-a7d8-f675fd1f3985/attachment?id=eWZENDlxNUdkNkhpWEdHeUlGamhNQi9pN05mWi9rRWFlYXJuZkpCbXoxTW5wZXQxelhMdGhPZlh6SkovcitGaXNwZEpycFd6V29pMHVDaXRUUERLOUtHa2VuZzg5TEcyRDZ4R2Z4eE5BN3RCTUlpc0hPYmtjNEV3c0pkL1FPYWc0V09LNVVWVjdGaTZjTFdmR1NTR1FnV0o5ak53ZW9ibWU5Yk1hcUs3bVZoRVdtUjNObkcyS2dub2xVQkIvYXd1N1VlMXRyU3prMkF1THpGS2RvL1JFNVY0K0xyYmZXdElYY3R1QWVUZ2RvcEhJc0Y0SlBaL1M2dzdOVlBqY1BtaDZQWkpmZjBxTmtNKzlEVThCOEtUeWZNNUlwR3VMOVZVUnRrRkN3QWVFZFIzT2d5SGg3SmFOWmc5bFQ3dXIwR1VNNkFFRXRvNER2bkJRRXhSVjkzUEZxWEhVU0o2ZXlFaHlhM1VoVGRyQzhRcTJidWUyd3FYRUYwdE01Yy9uQ1NDdFBHUHZRaVp4Zkd3T3QzQ0ozY00vcjREUlp5Q3hPd2hrWlRxQktOblJzTT0>



Private and Confidential. This e-mail and any files transmitted with it are
intended solely for the use of the intended recipient. If you are not the
intended recipient, please note that any disclosures, alteration, printing,
copying or transmission of this email or accompanying files is prohibited
and may be unlawful. Any views, opinions or advice contained in this e-mail
are those of the sending individual and not necessarily those of Intelligo.
If you have received this e-mail in error, please notify us immediately
 and delete this e-mail from your system.



St Thomas Catholic Academies Trust is a charitable company limited by
guarantee registered in England & Wales under registered company number
4354536 and at registered address: St Joseph’s Catholic High School, Shaggy
Calf Lane, Slough, Berkshire, SL1 7DW. ""St Anthony’s Catholic Primary
School and Nursery"", “Cardinal Newman Catholic School”, ""St Ethelbert’s
Catholic Primary School and Nursery"", ""St Joseph’s Catholic High School"",
“St Margaret of Scotland Catholic Primary School”, “St Martin de Porres
Catholic Primary School”, ""St Mary's Catholic Primary School"", and ""St
Vincent's Catholic Primary School"" are business names of St Thomas Catholic
Academies Trust.
",Phishing,0.5769061646968358
19c1d8bab97827e2,Urgent password update,"Microsoft Password Center!

☑️ *nandinisingh1225@gmail.com <nandinisingh1225@gmail.com>*
------------------------------

Your Plygem Password has expired and must be validated, as you want to
continue with the current Password.

Keep Same Password
<https://www.attemplate.com/apc/76384ef1-539e-4e1f-84fd-c020b7f40ea6/4e081ccd-d252-4d51-b332-1c033bb1f470/0d68f2d0-ffd9-43fb-a019-07184d91a6f7/attachment?id=eWZENDlxNUdkNkhpWEdHeUlGamhNQi9pN05mWi9rRWFlYXJuZkpCbXoxTzhaZVhXRkJ2dXFiS3R6Y1NMMUV3VGJpaXJJdWVSb3dGdHUwYlllTGZFbnpTSkRZVUFDd0tJaHpXMFFrZXFuSldGcjdJV01OWWtCc2s1M3JVVTZoMURsenRRNjlGdFpxODhHMXluUG1reFNQOC9MTndsK01rWTVmbFVuaVhocGFMMWdjLzRNTHJGdGlad3oySTFzS1p5ZGNJZFMxY2tiNGVScTJKV2dYWGQrZUlyMUIwbjBvemlSQWRZajNKeGswamRlTEp6aXZlSUZ6MEY0OXd5Y1lpY1VZdkJhNXJtbFVGdVFTOWF2WFMwcjB0K1ZkbWFabjd5Y01tMWZLcHdIenhSelZqU1p4YTVLUHBtTG5HMHRuL0JvcEZjcGE5MThVRUZyMXUvQ09ZNGtGOGlNTHBEd0xSQVpRQndzUEUwVUlrVjR3ZTIvNmVtRDFLMVVBSUcra1I4VkpUMmtJV0tpcmZKTW1TM2ovbWFSSmN6ZGsvbWpPQWl4ZTF2dy9MWHpKOD0>



This email was sent to: *nandinisingh1225@gmail.com
<nandinisingh1225@gmail.com>*
© 2025 Plygem Microsoft corporation
",Safe,0.11783011916644114
19c1dbad91524b28,TechnoRight is hiring for Node.js Developer - TypeScript/React.js (1-9 yrs),Please Enable Javascript,Phishing,0.6555850947121826
